,Checking or savings account,Credit card,Credit reporting or other personal consumer reports,Debt collection,Debt or credit management,"Money transfer, virtual currency, or money service",Mortgage,"Payday loan, title loan, personal loan, or advance loan",Prepaid card,Student loan,Vehicle loan or lease
Checking or savings account,343,21,2,6,0,27,3,1,1,0,1
Credit card,39,274,6,26,0,8,1,6,1,0,1
Credit reporting or other personal consumer reports,1,1,51,12,0,0,0,0,0,0,0
Debt collection,10,12,15,395,0,1,4,4,1,3,7
Debt or credit management,0,3,1,4,7,0,2,0,0,0,1
"Money transfer, virtual currency, or money service",51,6,0,2,0,95,0,2,0,0,0
Mortgage,2,2,0,3,0,1,133,1,0,1,2
"Payday loan, title loan, personal loan, or advance loan",14,14,0,4,0,0,4,41,0,1,3
Prepaid card,12,7,0,0,0,3,0,1,3,1,0
Student loan,1,0,0,2,0,1,1,3,0,53,1
Vehicle loan or lease,2,1,2,8,0,0,1,6,0,0,82
