,precision,recall,f1-score,support
Checking or savings account,0.7221052631578947,0.8469135802469135,0.7795454545454545,405.0
Credit card,0.8035190615835777,0.7569060773480663,0.7795163584637269,362.0
Credit reporting or other personal consumer reports,0.6623376623376623,0.7846153846153846,0.7183098591549296,65.0
Debt collection,0.854978354978355,0.8738938053097345,0.8643326039387309,452.0
Debt or credit management,1.0,0.3888888888888889,0.56,18.0
"Money transfer, virtual currency, or money service",0.6985294117647058,0.6089743589743589,0.6506849315068494,156.0
Mortgage,0.8926174496644296,0.9172413793103448,0.9047619047619048,145.0
"Payday loan, title loan, personal loan, or advance loan",0.6307692307692307,0.5061728395061729,0.5616438356164384,81.0
Prepaid card,0.5,0.1111111111111111,0.18181818181818182,27.0
Student loan,0.8983050847457628,0.8548387096774194,0.8760330578512396,62.0
Vehicle loan or lease,0.8367346938775511,0.803921568627451,0.82,102.0
accuracy,0.7877333333333333,0.7877333333333333,0.7877333333333333,0.7877333333333333
macro avg,0.77271783753447,0.677588882146895,0.6996951079688597,1875.0
weighted avg,0.7865935874842978,0.7877333333333333,0.7820815601954663,1875.0
